rank,name,group,gender,type
1,사사키 코코나,ME:I,Female,Solo
2,리오,NiziU,Female,Solo
3,윈터,에스파,Female,Solo
4,쯔위,TWICE,Female,Solo
5,이채연,,Female,Solo
6,채령,ITZY,Female,Solo
7,미나,TWICE,Female,Solo
8,마코,NiziU,Female,Solo
9,지우,NMIXX,Female,Solo
10,안유진,IVE,Female,Solo
11,유나,ITZY,Female,Solo
12,카사하라 모모나,ME:I,Female,Solo
13,파리타,BABYMONSTER,Female,Solo
14,아야카,NiziU,Female,Solo
15,오하영,에이핑크,Female,Solo
16,아이유,,Female,Solo
17,리사,BLACKPINK,Female,Solo
18,방지민,izna,Female,Solo
19,정연,TWICE,Female,Solo
20,세정,,Female,Solo
21,지수,BLACKPINK,Female,Solo
22,리쿠,NiziU,Female,Solo
23,장원영,IVE,Female,Solo
24,히카루,Kep1er,Female,Solo
25,타카미 아야네,ME:I,Female,Solo
26,미카,BINI,Female,Solo
27,예지,ITZY,Female,Solo
28,박초롱,에이핑크,Female,Solo
29,나연,TWICE,Female,Solo
30,마야,NiziU,Female,Solo
31,다현,TWICE,Female,Solo
32,마시로,메이딘,Female,Solo
33,사나,TWICE,Female,Solo
34,최유진,Kep1er,Female,Solo
35,카리나,에스파,Female,Solo
36,채영,TWICE,Female,Solo
37,서영은,Kep1er,Female,Solo
38,정은지,에이핑크,Female,Solo
39,김채현,Kep1er,Female,Solo
40,지유,드림캐쳐,Female,Solo
41,제니,BLACKPINK,Female,Solo
42,로제,BLACKPINK,Female,Solo
43,사쿠라이 미우,ME:I,Female,Solo
44,미이히,NiziU,Female,Solo
45,지효,TWICE,Female,Solo
46,엘라,MEOVV,Female,Solo
47,모모,TWICE,Female,Solo
48,김남주,에이핑크,Female,Solo
49,엘리시아,유니스,Female,Solo
50,리마,NiziU,Female,Solo
51,유주,여자친구,Female,Solo
52,사쿠라,르세라핌,Female,Solo
53,지젤,에스파,Female,Solo
54,마유카,NiziU,Female,Solo
55,태연,소녀시대,Female,Solo
56,시미즈 케이코,ME:I,Female,Solo
57,젤리 당카,유니스,Female,Solo
58,윤보미,에이핑크,Female,Solo
59,신비,"여자친구, VIVIZ",Female,Solo
60,에비하라 츠즈미,ME:I,Female,Solo
61,은하,"여자친구, VIVIZ",Female,Solo
62,윤아,소녀시대,Female,Solo
63,닝닝,에스파,Female,Solo
64,김채원,르세라핌,Female,Solo
65,알렉사,,Female,Solo
66,티파니 영,소녀시대,Female,Solo
67,이서,IVE,Female,Solo
68,백지헌,프로미스나인,Female,Solo
69,샨티,라필루스,Female,Solo
70,루카,BABYMONSTER,Female,Solo
71,레이,IVE,Female,Solo
72,희진,ARTMS,Female,Solo
73,스텔라,하츠투하츠,Female,Solo
74,지우,하츠투하츠,Female,Solo
75,켄모츠 나노,IS:SUE,Female,Solo
76,조이,레드벨벳,Female,Solo
77,방윤하,유니스,Female,Solo
78,설윤,NMIXX,Female,Solo
79,니나,NiziU,Female,Solo
80,나나,유니스,Female,Solo
81,아현,BABYMONSTER,Female,Solo
82,해원,NMIXX,Female,Solo
83,우기,아이들,Female,Solo
84,아사,BABYMONSTER,Female,Solo
85,이나경,프로미스나인,Female,Solo
86,사카구치 리노,IS:SUE,Female,Solo
87,이시이 란,ME:I,Female,Solo
88,카르멘,하츠투하츠,Female,Solo
89,수영,소녀시대,Female,Solo
90,카즈하,르세라핌,Female,Solo
91,렉시,GIRLSET,Female,Solo
92,카밀라,GIRLSET,Female,Solo
93,켄달,GIRLSET,Female,Solo
94,사바나,GIRLSET,Female,Solo
95,마이,izna,Female,Solo
96,홍은채,르세라핌,Female,Solo
97,이안,하츠투하츠,Female,Solo
98,말로이,BINI,Female,Solo
99,릴리,NMIXX,Female,Solo
100,소연,아이들,Female,Solo
101,리아,ITZY,Female,Solo
102,권은비,,Female,Solo
103,미유,메이딘,Female,Solo
104,히나,QWER,Female,Solo
105,샤오팅,Kep1er,Female,Solo
106,해린,뉴진스,Female,Solo
107,시연,드림캐쳐,Female,Solo
108,유지애,러블리즈,Female,Solo
109,휴닝바히에,Kep1er,Female,Solo
110,슬기,레드벨벳,Female,Solo
111,솔라,마마무,Female,Solo
112,이로하,아일릿,Female,Solo
113,슈화,아이들,Female,Solo
114,수담,SECRET NUMBER,Female,Solo
115,하니,뉴진스,Female,Solo
116,박시온,트리플에스,Female,Solo
117,서현,소녀시대,Female,Solo
118,아이린,레드벨벳,Female,Solo
119,에이나,하츠투하츠,Female,Solo
120,이채영,프로미스나인,Female,Solo
121,치키타,BABYMONSTER,Female,Solo
122,리즈,IVE,Female,Solo
123,카토 코코로,ME:I,Female,Solo
124,조안나,BINI,Female,Solo
125,수진,,Female,Solo
126,문수아,Billlie,Female,Solo
127,무라카미 리논,ME:I,Female,Solo
128,민니,아이들,Female,Solo
129,문별,마마무,Female,Solo
130,원희,아일릿,Female,Solo
131,예서,메이딘,Female,Solo
132,나린,MEOVV,Female,Solo
133,류진,ITZY,Female,Solo
134,하람,Billlie,Female,Solo
135,츠키,Billlie,Female,Solo
136,화사,마마무,Female,Solo
137,배이,NMIXX,Female,Solo
138,로라,BABYMONSTER,Female,Solo
139,수아,드림캐쳐,Female,Solo
140,허윤진,르세라핌,Female,Solo
141,곽연지,트리플에스,Female,Solo
142,주,SECRET NUMBER,Female,Solo
143,나비,SECRET NUMBER,Female,Solo
144,딘다,SECRET NUMBER,Female,Solo
145,에빈,SECRET NUMBER,Female,Solo
146,민씨,SECRET NUMBER,Female,Solo
147,수지,,Female,Solo
148,써니,소녀시대,Female,Solo
149,유리,소녀시대,Female,Solo
150,효연,소녀시대,Female,Solo
151,웬디,레드벨벳,Female,Solo
152,휘인,마마무,Female,Solo
153,소원,여자친구,Female,Solo
154,예린,여자친구,Female,Solo
155,엄지,"여자친구, VIVIZ",Female,Solo
156,이수정,러블리즈,Female,Solo
157,서지수,러블리즈,Female,Solo
158,이미주,러블리즈,Female,Solo
159,Kei,러블리즈,Female,Solo
160,JIN,러블리즈,Female,Solo
161,류수정,러블리즈,Female,Solo
162,정예인,러블리즈,Female,Solo
163,예리,레드벨벳,Female,Solo
164,효정,오마이걸,Female,Solo
165,미미,오마이걸,Female,Solo
166,유아,오마이걸,Female,Solo
167,승희,오마이걸,Female,Solo
168,유빈,오마이걸,Female,Solo
169,아린,오마이걸,Female,Solo
170,혜빈,모모랜드,Female,Solo
171,제인,모모랜드,Female,Solo
172,나윤,모모랜드,Female,Solo
173,아인,모모랜드,Female,Solo
174,주이,모모랜드,Female,Solo
175,낸시,모모랜드,Female,Solo
176,송하영,프로미스나인,Female,Solo
177,박지원,프로미스나인,Female,Solo
178,미연,아이들,Female,Solo
179,한동,드림캐쳐,Female,Solo
180,유현,드림캐쳐,Female,Solo
181,다미,드림캐쳐,Female,Solo
182,가현,드림캐쳐,Female,Solo
183,하슬,ARTMS,Female,Solo
184,김립,ARTMS,Female,Solo
185,진솔,ARTMS,Female,Solo
186,최리,ARTMS,Female,Solo
187,조유리,,Female,Solo
188,최예나,,Female,Solo
189,수민,STAYC,Female,Solo
190,시은,STAYC,Female,Solo
191,아이사,STAYC,Female,Solo
192,세은,STAYC,Female,Solo
193,윤,STAYC,Female,Solo
194,재이,STAYC,Female,Solo
195,나띠,KISS OF LIFE,Female,Solo
196,진현주,유니스,Female,Solo
197,민영,브브걸,Female,Solo
198,은지,브브걸,Female,Solo
199,유나,브브걸,Female,Solo
200,김다연,Kep1er,Female,Solo
201,수현,Billlie,Female,Solo
202,션,Billlie,Female,Solo
203,시윤,Billlie,Female,Solo
204,하루나,Billlie,Female,Solo
205,가을,IVE,Female,Solo
206,규진,NMIXX,Female,Solo
207,샤나,라필루스,Female,Solo
208,유에,라필루스,Female,Solo
209,베시,라필루스,Female,Solo
210,서원,라필루스,Female,Solo
211,하은,라필루스,Female,Solo
212,민지,뉴진스,Female,Solo
213,다니엘,뉴진스,Female,Solo
214,혜인,뉴진스,Female,Solo
215,수아,첫사랑,Female,Solo
216,금희,첫사랑,Female,Solo
217,시현,첫사랑,Female,Solo
218,서연,첫사랑,Female,Solo
219,유나,첫사랑,Female,Solo
220,두나,첫사랑,Female,Solo
221,예함,첫사랑,Female,Solo
222,정혜린,트리플에스,Female,Solo
223,김유연,트리플에스,Female,Solo
224,김나경,트리플에스,Female,Solo
225,공유빈,트리플에스,Female,Solo
226,윤서연,트리플에스,Female,Solo
227,이지우,트리플에스,Female,Solo
228,김채연,트리플에스,Female,Solo
229,김수민,트리플에스,Female,Solo
230,카에데,트리플에스,Female,Solo
231,서다현,트리플에스,Female,Solo
232,라미,BABYMONSTER,Female,Solo
233,쥴리,KISS OF LIFE,Female,Solo
234,벨,KISS OF LIFE,Female,Solo
235,하늘,KISS OF LIFE,Female,Solo
236,코토네,트리플에스,Female,Solo
237,니엔,트리플에스,Female,Solo
238,박소현,트리플에스,Female,Solo
239,신위,트리플에스,Female,Solo
240,마유,트리플에스,Female,Solo
241,윤아,아일릿,Female,Solo
242,민주,아일릿,Female,Solo
243,모카,아일릿,Female,Solo
244,린,트리플에스,Female,Solo
245,주빈,트리플에스,Female,Solo
246,정하연,트리플에스,Female,Solo
247,오윤아,유니스,Female,Solo
248,코토코,유니스,Female,Solo
249,임서원,유니스,Female,Solo
250,메이,리센느,Female,Solo
251,원이,리센느,Female,Solo
252,리브,리센느,Female,Solo
253,제나,리센느,Female,Solo
254,미나미,리센느,Female,Solo
255,쵸단,QWER,Female,Solo
256,시연,QWER,Female,Solo
257,마젠타,QWER,Female,Solo
258,지연,트리플에스,Female,Solo
259,서아,트리플에스,Female,Solo
260,설린,트리플에스,Female,Solo
261,김채원,트리플에스,Female,Solo
262,코코,izna,Female,Solo
263,유사랑,izna,Female,Solo
264,최정은,izna,Female,Solo
265,정세비,izna,Female,Solo
266,이이다 시즈쿠,ME:I,Female,Solo
267,야마모토 스즈,ME:I,Female,Solo
268,아이아,BINI,Female,Solo
269,콜렛,BINI,Female,Solo
270,그웬,BINI,Female,Solo
271,시나,BINI,Female,Solo
272,스테이시,BINI,Female,Solo
273,나고미,메이딘,Female,Solo
274,세리나,메이딘,Female,Solo
275,수혜,메이딘,Female,Solo
276,가원,MEOVV,Female,Solo
277,수인,MEOVV,Female,Solo
278,안나,MEOVV,Female,Solo
279,아이타 린,IS:SUE,Female,Solo
280,타나카 유우키,IS:SUE,Female,Solo
281,유하,하츠투하츠,Female,Solo
282,주은,하츠투하츠,Female,Solo
283,예온,하츠투하츠,Female,Solo
